<?xml version="1.0" encoding="UTF-8" standalone="yes"?>
<addon id="plugin.program.tvprowizard" name="[COLOR blue]TvProTeam Wizard[/COLOR]" version="3.0.2" provider-name="[COLOR blue]TvProTeam Wizard[/COLOR]">
    <requires>
        <import addon="xbmc.python" version="3.0.1"/>
        <import addon="script.module.requests"/>
        <import addon="script.module.six"/>
    </requires>
    
    <extension point="xbmc.python.pluginsource" library="default.py">
        <provides>executable</provides>
    </extension>
    
    <extension point="xbmc.service" library="startup.py" start="startup" />
    
    <extension point="xbmc.addon.metadata">
        <summary lang="en_GB">[COLOR blue]TvProTeam Wizard[/COLOR]</summary>
        <description lang="en_GB">[COLOR blue]TvProTeam Wizard para instalar, actualizar y realizar mantenimiento al build TvProTeam[/COLOR]</description>
        <disclaimer lang="en_GB">The author of this addon does not host any content and has no affiliation with the content providers</disclaimer>
        <platform>all</platform>
        <reuselanguageinvoker>false</reuselanguageinvoker>
        <source></source>
        <news></news>
        <assets>
            <icon>icon.png</icon>
            <fanart>fanart.jpg</fanart>
		</assets>
		<license>GNU GENERAL PUBLIC LICENSE Version 3</license>
		<email></email>
		<website></website>
		<forum>https://t.me/hackerteam</forum>
    </extension>
</addon>


