<?xml version="1.0" encoding="UTF-8" standalone="yes"?>
<addon id="repository.TvProTeam" name="Repositorio TvProTeam" version="1.0.0" provider-name="[COLOR blue]>>>TvProTeam<<<[/COLOR]">
    <extension point="xbmc.addon.repository" name="Repositorio TvProTeam">
        <dir minversion="18.9.0">
            <info compressed="false">https://github.com/TvProTeam/TvPro/addons/addons.xml</info>
            <checksum>https://github.com/TvProTeam/TvPro/addons.xml.md5</checksum>
            <datadir zip="true">https://github.com/TvProTeam/TvPro/addons/</datadir>
        </dir>
    </extension>
    <extension point="xbmc.addon.metadata">
        <summary>Repositorio TvProTeam</summary>
        <description>Repositorio TvProTeam</description>
        <platform>all</platform>
    <assets>
        <icon>icon.png</icon>
        <fanart>fanart.jpg</fanart>
    </assets>
    </extension>
</addon>