<?xml version="1.0" encoding="UTF-8" standalone="yes"?>
<addon id="plugin.program.hackerwizard" name="HackerWizard Team" version="1.1" provider-name="Hacker by Cristain">
  <requires>
    <import addon="xbmc.python" version="2.1.0"/>
  </requires>
  <extension point="xbmc.python.pluginsource" library="default.py">
    <provides>executable</provides>
  </extension>
  <extension point="xbmc.service" library="startup.py" start="startup" />
  <extension point="xbmc.addon.metadata">
    <summary lang="en">Hacker WIzard Team</summary>
    <description lang="en">Wizard para HackerTeam by Cristian</description>
    <platform>all</platform>
  </extension>
</addon>