<?xml version="1.0" encoding="UTF-8" standalone="yes"?>
<addon id="repository.TvProTeam" name="TvProTeam add-on repository" version="1.0.9" provider-name="TvPro">
    <extension point="xbmc.addon.repository" name="Example Repository">
        <dir>
            <info compressed="false">https://tvproteam.github.io/zips/addons.xml</info>
            <checksum>https://tvproteam.github.io/zips/addons.xml.md5</checksum>
            <datadir zip="true">https://tvproteam.github.io/zips/</datadir>
        </dir>
    </extension>
    <extension point="xbmc.addon.metadata">
        <summary>TvProTeam Repository</summary>
        <description>TvProTeam Repository</description>
        <disclaimer></disclaimer>
        <platform>all</platform>
        <assets>
            <icon>icon.png</icon>
            <fanart>fanart.jpg</fanart>
        </assets>
    </extension>
</addon>